order;id;site_web
3;reserve_naturelle_regionale.48.21;http://www.reserves-naturelles.org/landes-de-lan-bern-et-magoar-pen-vern
2;reserve_naturelle_regionale.48.45;http://www.reserves-naturelles.org/landes-et-tourbieres-du-cragou-et-du-vergam
4;reserve_naturelle_regionale.48.28;http://www.reserves-naturelles.org/sites-d-interet-geologique-de-la-presqu-ile-de-crozon
9;reserve_naturelle_regionale.47.88;http://www.reserves-naturelles.org/landes-de-monteneuf
8;reserve_naturelle_regionale.48.57;http://www.reserves-naturelles.org/landes-prairies-et-etangs-de-plounerin
7;reserve_naturelle_regionale.47.46;http://www.reserves-naturelles.org/etang-du-pont-de-fer
6;reserve_naturelle_regionale.47.76;http://www.reserves-naturelles.org/etangs-du-petit-et-du-grand-loc-h
5;reserve_naturelle_regionale.48.87;http://www.reserves-naturelles.org/sillon-de-talbert
1;reserve_naturelle_regionale.48.51;http://www.reserves-naturelles.org/marais-de-sougeal
